timestamp,actual,raw_340,average_5,median_5,median_7,ema_0.2,ema_0.5,hybrid_med_ema,kalman,mad_filter,regression_calibrated
18121,16.0,15.079,15.079,15.079,15.079,15.079000000000002,15.079,15.079000000000002,15.079,15.079,15.32028178837634
19121,16.0,15.079,15.079,15.079,15.079,15.079000000000002,15.079,15.079000000000002,15.079,15.079,15.32028178837634
20121,16.0,15.079,15.079,15.079,15.079,15.079000000000002,15.079,15.079000000000002,15.079,15.079,15.32028178837634
21121,16.0,15.062000000000001,15.074750000000002,15.079,15.079,15.075600000000001,15.070500000000001,15.079000000000002,15.074838270297457,15.079,15.302225089985178
22121,16.0,15.079,15.0756,15.079,15.079,15.076280000000002,15.074750000000002,15.079000000000002,15.07565941225291,15.079,15.32028178837634
23121,16.0,15.079,15.0756,15.079,15.079,15.076824000000004,15.076875000000001,15.079000000000002,15.076212245804228,15.079,15.32028178837634
24121,16.0,15.079,15.0756,15.079,15.079,15.077259200000004,15.0779375,15.079000000000002,15.076610134316551,15.079,15.32028178837634
25121,16.0,15.079,15.0756,15.079,15.079,15.077607360000004,15.07846875,15.079000000000002,15.076910458401034,15.079,15.32028178837634
26121,16.0,15.062000000000001,15.0756,15.079,15.079,15.074485888000005,15.070234375000002,15.079000000000002,15.075234146322826,15.079,15.302225089985178
27121,16.0,15.079,15.0756,15.079,15.079,15.075388710400006,15.074617187500001,15.079000000000002,15.075617775946377,15.079,15.32028178837634
28121,16.0,15.079,15.0756,15.079,15.079,15.076110968320005,15.076808593750002,15.079000000000002,15.075933253841546,15.079,15.32028178837634
29121,16.0,15.079,15.0756,15.079,15.079,15.076688774656006,15.077904296875001,15.079000000000002,15.076197463732498,15.079,15.32028178837634
30121,16.0,15.079,15.0756,15.079,15.079,15.077151019724806,15.078452148437501,15.079000000000002,15.076422133002893,15.079,15.32028178837634
31121,16.0,15.062000000000001,15.0756,15.079,15.079,15.074120815779846,15.070226074218752,15.079000000000002,15.075339420161942,15.079,15.302225089985178
32121,16.0,15.079,15.0756,15.079,15.079,15.075096652623879,15.074613037109376,15.079000000000002,15.075598204930095,15.079,15.32028178837634
33121,16.0,15.079,15.0756,15.079,15.079,15.075877322099105,15.076806518554688,15.079000000000002,15.075825780652547,15.079,15.32028178837634
34121,16.0,15.079,15.0756,15.079,15.079,15.076501857679284,15.077903259277345,15.079000000000002,15.07602760261836,15.079,15.32028178837634
35121,16.0,15.079,15.0756,15.079,15.079,15.077001486143429,15.078451629638673,15.079000000000002,15.076207919652932,15.079,15.32028178837634
36121,16.0,15.079,15.079000000000002,15.079,15.079,15.077401188914743,15.078725814819336,15.079000000000002,15.07637008999841,15.079000000000002,15.32028178837634
37121,16.0,15.079,15.079000000000002,15.079,15.079,15.077720951131797,15.078862907409668,15.079000000000002,15.076516802902782,15.079000000000002,15.32028178837634
38121,16.0,15.079,15.079000000000002,15.079,15.079,15.077976760905438,15.078931453704834,15.079000000000002,15.076650237198868,15.079000000000002,15.32028178837634
39121,16.0,15.096000000000002,15.082400000000002,15.079,15.079,15.08158140872435,15.087465726852418,15.079000000000002,15.077654382364281,15.079,15.3383384867675
40121,16.0,15.079,15.082400000000002,15.079,15.079,15.081065126979482,15.08323286342621,15.079000000000002,15.077721982393877,15.079,15.32028178837634
41121,16.0,15.079,15.082400000000002,15.079,15.079,15.080652101583587,15.081116431713106,15.079000000000002,15.077784272820958,15.079,15.32028178837634
42121,16.0,15.096000000000002,15.0858,15.079,15.079,15.08372168126687,15.088558215856555,15.079000000000002,15.078647389610907,15.079,15.3383384867675
43121,16.0,15.079,15.0858,15.079,15.079,15.082777345013497,15.083779107928278,15.079000000000002,15.078663662639674,15.079,15.32028178837634
44121,16.0,15.079,15.082400000000002,15.079,15.079,15.0820218760108,15.08138955396414,15.079000000000002,15.078678806946186,15.079,15.32028178837634
45121,16.0,15.079,15.082400000000002,15.079,15.079,15.08141750080864,15.08019477698207,15.079000000000002,15.078692940035515,15.079,15.32028178837634
46121,16.0,15.096000000000002,15.0858,15.079,15.079,15.084334000646916,15.088097388491036,15.079000000000002,15.079438249486673,15.079,15.3383384867675
47121,16.0,15.062000000000001,15.079000000000002,15.079,15.079,15.079867200517533,15.075048694245519,15.079000000000002,15.078702281855954,15.079,15.302225089985178
48121,16.0,15.079,15.079000000000002,15.079,15.079,15.079693760414028,15.077024347122759,15.079000000000002,15.078714611827902,15.079,15.32028178837634
49121,16.0,15.079,15.079000000000002,15.079,15.079,15.079555008331223,15.07801217356138,15.079000000000002,15.078726224013396,15.079,15.32028178837634
50121,16.0,15.062000000000001,15.0756,15.079,15.079,15.07604400666498,15.07000608678069,15.079000000000002,15.078056829381497,15.0756,15.302225089985178
51121,16.0,15.079,15.0722,15.079,15.079,15.076635205331984,15.074503043390346,15.079000000000002,15.07809399433756,15.079,15.32028178837634
52121,16.0,15.079,15.0756,15.079,15.079,15.077108164265589,15.076751521695172,15.079000000000002,15.078129179221294,15.079,15.32028178837634
53121,16.0,15.079,15.0756,15.079,15.079,15.077486531412472,15.077875760847586,15.079000000000002,15.07816253959858,15.079,15.32028178837634
54121,16.0,15.062000000000001,15.0722,15.079,15.079,15.074389225129977,15.069937880423794,15.079000000000002,15.077551234272027,15.079,15.302225089985178
55121,16.0,15.096000000000002,15.079000000000002,15.079,15.079,15.078711380103982,15.082968940211899,15.079000000000002,15.078240692432708,15.079,15.3383384867675
56121,16.0,15.062000000000001,15.0756,15.079,15.079,15.075369104083187,15.07248447010595,15.079000000000002,15.077640541306767,15.0756,15.302225089985178
57121,16.0,15.079,15.0756,15.079,15.079,15.07609528326655,15.075742235052974,15.079000000000002,15.077690250924602,15.0756,15.32028178837634
58121,16.0,15.062000000000001,15.0722,15.062000000000001,15.079,15.073276226613242,15.068871117526488,15.075600000000001,15.077122175171409,15.062000000000003,15.302225089985178
59121,16.0,15.079,15.0756,15.079,15.079,15.074420981290595,15.073935558763244,15.076280000000002,15.077189534711554,15.0756,15.32028178837634
60121,16.0,15.079,15.0722,15.079,15.079,15.075336785032478,15.076467779381623,15.076824000000004,15.07725391470227,15.079,15.32028178837634
61121,16.0,15.079,15.0756,15.079,15.079,15.076069428025983,15.077733889690812,15.077259200000004,15.07731549988241,15.079,15.32028178837634
62121,16.0,15.079,15.0756,15.079,15.079,15.076655542420788,15.078366944845406,15.077607360000004,15.077374458955875,15.079,15.32028178837634
63121,16.0,15.096000000000002,15.082400000000002,15.079,15.079,15.080524433936631,15.087183472422705,15.077885888000004,15.078021694696133,15.079,15.3383384867675
64121,16.0,15.079,15.082400000000002,15.079,15.079,15.080219547149307,15.083091736211353,15.078108710400004,15.078055461843391,15.079,15.32028178837634
65121,16.0,15.079,15.082400000000002,15.079,15.079,15.079975637719446,15.081045868105676,15.078286968320004,15.07808785746178,15.079,15.32028178837634
66121,16.0,15.079,15.082400000000002,15.079,15.079,15.079780510175558,15.080022934052838,15.078429574656004,15.078118956397718,15.079,15.32028178837634
67121,16.0,15.079,15.082400000000002,15.079,15.079,15.079624408140448,15.07951146702642,15.078543659724804,15.078148827761227,15.079,15.32028178837634
676281,12.7,12.716000000000001,14.606400000000002,15.079,15.079,14.60689952651236,13.897755733513211,15.078634927779845,14.998479952637634,15.079,12.810400712005084
677281,12.7,12.733,14.137200000000002,15.079,15.079,14.232119621209888,13.315377866756606,15.078707942223877,14.922446415201378,15.079,12.828457410396243
678281,12.7,12.733,13.668000000000001,12.733,15.079,13.93229569696791,13.024188933378303,14.609566353779103,14.849303211371897,12.727333333333334,12.828457410396243
679281,12.7,12.716000000000001,13.195400000000001,12.733,12.733,13.68903655757433,12.870094466689153,14.234253083023283,14.778343802067887,12.7245,12.810400712005084
680281,12.7,12.733,12.7262,12.733,12.733,13.497829246059464,12.801547233344577,13.934002466418628,14.710586367918774,12.732999999999999,12.828457410396243
681281,12.7,12.733,12.729600000000001,12.733,12.733,13.344863396847572,12.767273616672288,13.693801973134903,14.645323268224816,12.733,12.828457410396243
682281,12.7,12.733,12.729600000000001,12.733,12.733,13.222490717478058,12.750136808336144,13.501641578507924,14.582439745495005,12.733,12.828457410396243
683281,12.7,12.733,12.729600000000001,12.733,12.733,13.124592573982447,12.741568404168072,13.347913262806339,14.52182831744817,12.733,12.828457410396243
684281,12.7,12.733,12.733,12.733,12.733,13.046274059185958,12.737284202084037,13.224930610245071,14.46338816200139,12.733,12.828457410396243
685281,12.7,12.733,12.733,12.733,12.733,12.983619247348766,12.735142101042019,13.126544488196057,14.407024565023265,12.733,12.828457410396243
686281,12.7,12.733,12.733,12.733,12.733,12.933495397879014,12.73407105052101,13.047835590556845,14.352648423578353,12.733,12.828457410396243
687281,12.7,12.733,12.733,12.733,12.733,12.893396318303212,12.733535525260505,12.984868472445477,14.300175798326446,12.733,12.828457410396243
688281,12.7,12.716000000000001,12.729600000000001,12.733,12.733,12.857917054642572,12.724767762630254,12.934494777956383,14.248978100275757,12.733,12.810400712005084
689281,12.7,12.733,12.729600000000001,12.733,12.733,12.832933643714059,12.728883881315127,12.894195822365107,14.200097077750423,12.733,12.828457410396243
690281,12.7,12.716000000000001,12.7262,12.733,12.733,12.809546914971248,12.722441940657564,12.861956657892087,14.15234731378085,12.732999999999999,12.810400712005084
691281,12.7,12.733,12.7262,12.733,12.733,12.794237531976998,12.727720970328782,12.83616532631367,14.106773363202793,12.732999999999999,12.828457410396243
692281,12.7,12.716000000000001,12.722800000000001,12.716000000000001,12.733,12.7785900255816,12.721860485164392,12.812132261050937,14.0622018452098,12.716000000000001,12.810400712005084
693281,12.7,12.733,12.7262,12.733,12.733,12.769472020465281,12.727430242582196,12.796305808840751,14.019679644074982,12.732999999999999,12.828457410396243
694281,12.7,12.733,12.7262,12.733,12.733,12.762177616372226,12.7302151212911,12.7836446470726,13.978586767558417,12.732999999999999,12.828457410396243
695281,12.7,12.733,12.729600000000001,12.733,12.733,12.75634209309778,12.73160756064555,12.77351571765808,13.938868887151484,12.733,12.828457410396243
696281,12.7,12.716000000000001,12.7262,12.733,12.733,12.748273674478225,12.723803780322775,12.765412574126465,13.899933019615823,12.732999999999999,12.810400712005084
697281,12.7,12.733,12.729600000000001,12.733,12.733,12.74521893958258,12.728401890161388,12.758930059301173,13.862829669947814,12.733,12.828457410396243
698281,12.7,12.733,12.729600000000001,12.733,12.733,12.742775151666065,12.730700945080695,12.75374404744094,13.826952817656482,12.733,12.828457410396243
699281,12.7,12.733,12.729600000000001,12.733,12.733,12.740820121332852,12.731850472540348,12.749595237952752,13.792257666157795,12.733,12.828457410396243
700281,12.7,12.733,12.729600000000001,12.733,12.733,12.739256097066283,12.732425236270174,12.746276190362202,13.758701433203452,12.733,12.828457410396243
701281,12.7,12.733,12.733,12.733,12.733,12.738004877653028,12.732712618135087,12.743620952289762,13.726243228958767,12.733,12.828457410396243
702281,12.7,12.733,12.733,12.733,12.733,12.737003902122423,12.732856309067543,12.74149676183181,13.694843943703571,12.733,12.828457410396243
703281,12.7,12.733,12.733,12.733,12.733,12.736203121697939,12.732928154533772,12.739797409465448,13.664466144258077,12.733,12.828457410396243
704281,12.7,12.733,12.733,12.733,12.733,12.735562497358352,12.732964077266885,12.738437927572358,13.635073978328704,12.733,12.828457410396243
705281,12.7,12.733,12.733,12.733,12.733,12.735049997886682,12.732982038633443,12.737350342057887,13.606633086051428,12.733,12.828457410396243
706281,12.7,12.733,12.733,12.733,12.733,12.734639998309346,12.73299101931672,12.73648027364631,13.579110518083516,12.733,12.828457410396243
707281,12.7,12.733,12.733,12.733,12.733,12.734311998647478,12.73299550965836,12.735784218917049,13.552474659659813,12.733,12.828457410396243
708281,12.7,12.733,12.733,12.733,12.733,12.734049598917982,12.732997754829182,12.73522737513364,13.526695160087835,12.733,12.828457410396243
709281,12.7,12.716000000000001,12.729600000000001,12.733,12.733,12.730439679134387,12.724498877414591,12.734781900106912,13.50120841897086,12.733,12.810400712005084
710281,12.7,12.733,12.729600000000001,12.733,12.733,12.730951743307509,12.728749438707297,12.73442552008553,13.477072109960329,12.733,12.828457410396243
711281,12.7,12.716000000000001,12.7262,12.733,12.733,12.727961394646009,12.722374719353649,12.734140416068424,13.453173705637685,12.732999999999999,12.810400712005084
712281,12.7,12.716000000000001,12.722800000000001,12.716000000000001,12.733,12.725569115716809,12.719187359676825,12.73051233285474,13.430038174451573,12.716000000000001,12.810400712005084
713281,12.7,12.733,12.722800000000001,12.716000000000001,12.733,12.727055292573448,12.726093679838414,12.727609866283794,13.408173296821586,12.716000000000001,12.828457410396243
714281,12.7,12.716000000000001,12.722800000000001,12.716000000000001,12.716000000000001,12.724844234058759,12.721046839919207,12.725287893027037,13.386471304483852,12.716000000000001,12.810400712005084
715281,12.7,12.716000000000001,12.719400000000002,12.716000000000001,12.716000000000001,12.72307538724701,12.718523419959604,12.72343031442163,13.365459089074239,12.716000000000001,12.810400712005084
716281,12.7,12.733,12.722800000000001,12.716000000000001,12.716000000000001,12.725060309797607,12.725761709979803,12.721944251537305,13.345646428218027,12.716000000000001,12.828457410396243
717281,12.7,12.733,12.7262,12.733,12.716000000000001,12.726648247838087,12.729380854989902,12.724155401229845,13.32646194520209,12.732999999999999,12.828457410396243
718281,12.7,12.716000000000001,12.722800000000001,12.716000000000001,12.716000000000001,12.724518598270471,12.722690427494951,12.722524320983878,13.307352897440467,12.716000000000001,12.810400712005084
719281,12.7,12.733,12.7262,12.733,12.733,12.726214878616377,12.727845213747475,12.724619456787103,13.289380363580586,12.732999999999999,12.828457410396243
720281,12.7,12.716000000000001,12.7262,12.733,12.716000000000001,12.724171902893103,12.721922606873738,12.726295565429682,13.27144407661332,12.732999999999999,12.810400712005084
721281,12.7,12.733,12.7262,12.733,12.733,12.725937522314483,12.727461303436868,12.727636452343747,13.254605778595309,12.732999999999999,12.828457410396243
722281,12.7,12.733,12.7262,12.733,12.733,12.727350017851586,12.730230651718434,12.728709161874997,13.238298708430527,12.732999999999999,12.828457410396243
723281,12.7,12.733,12.729600000000001,12.733,12.733,12.728480014281269,12.731615325859217,12.729567329499998,13.222505684512564,12.733,12.828457410396243
724281,12.7,12.733,12.729600000000001,12.733,12.733,12.729384011425015,12.732307662929609,12.7302538636,13.207210118973258,12.733,12.828457410396243
725281,12.7,12.716000000000001,12.729600000000001,12.733,12.733,12.726707209140013,12.724153831464804,12.73080309088,13.191864920934648,12.733,12.810400712005084
812478,7.2,8.704,11.9238,12.733,12.733,11.922165767312011,10.714076915732402,12.731242472704,13.051696993848775,12.732999999999999,8.549019891691298
813478,7.2,8.704,11.118,12.716000000000001,12.733,11.27853261384961,9.709038457866201,12.728193978163201,12.915935150346629,12.727333333333334,8.549019891691298
814478,7.2,8.704,10.3122,8.704,12.716000000000001,10.763626091079688,9.2065192289331,11.923355182530562,12.784438328013096,8.704,8.549019891691298
815478,7.2,8.704,9.506400000000001,8.704,8.704,10.35170087286375,8.95525961446655,11.27948414602445,12.657070211574926,8.704,8.549019891691298
816478,7.2,8.704,8.704,8.704,8.704,10.022160698291001,8.829629807233275,10.76438731681956,12.533699052599761,8.704,8.549019891691298
817478,7.2,8.704,8.704,8.704,8.704,9.758528558632802,8.766814903616638,10.35230985345565,12.414197497794577,8.704,8.549019891691298
818478,7.2,8.704,8.704,8.704,8.704,9.547622846906243,8.73540745180832,10.02264788276452,12.298442425359255,8.704,8.549019891691298
819478,7.2,8.721,8.707400000000002,8.704,8.704,9.382298277524995,8.728203725904159,9.758918306211617,12.186845099188076,8.704,8.567076590082458
820478,7.2,8.721,8.7108,8.704,8.704,9.250038622019996,8.72460186295208,9.547934644969295,12.078743477405071,8.704,8.567076590082458
821478,7.2,8.704,8.7108,8.704,8.704,9.140830897615999,8.71430093147604,9.379147715975437,11.973496577810016,8.704,8.549019891691298
822478,7.2,8.704,8.7108,8.704,8.704,9.0534647180928,8.70915046573802,9.24411817278035,11.871543989431101,8.704,8.549019891691298
823478,7.2,8.704,8.7108,8.704,8.704,8.983571774474239,8.70657523286901,9.136094538224281,11.772781509928045,8.704,8.549019891691298
824478,7.2,8.721,8.7108,8.704,8.704,8.931057419579393,8.713787616434505,9.049675630579426,11.677638327944853,8.704,8.567076590082458
825478,7.2,8.704,8.707400000000002,8.704,8.704,8.885645935663515,8.708893808217253,8.98054050446354,11.584940395271994,8.704,8.549019891691298
826478,7.2,8.687000000000001,8.704,8.704,8.704,8.845916748530813,8.697946904108626,8.925232403570833,11.494610477664912,8.704,8.530963193300138
827478,7.2,8.704,8.704,8.704,8.704,8.81753339882465,8.700973452054313,8.880985922856667,11.40763354580331,8.704,8.549019891691298
828478,7.2,8.704,8.704,8.704,8.704,8.79482671905972,8.702486726027157,8.845588738285333,11.323374279447568,8.704,8.549019891691298
829478,7.2,8.687000000000001,8.6972,8.704,8.704,8.773261375247777,8.694743363013579,8.817270990628266,11.241217379649504,8.704,8.530963193300138
830478,7.2,8.721,8.7006,8.704,8.704,8.762809100198222,8.70787168150679,8.794616792502612,11.162685838021096,8.7006,8.567076590082458
831478,7.2,8.704,8.704,8.704,8.704,8.751047280158577,8.705935840753394,8.776493434002091,11.086076767064812,8.704,8.549019891691298
832478,7.2,8.704,8.704,8.704,8.704,8.741637824126862,8.704967920376697,8.761994747201673,11.011859369887862,8.704,8.549019891691298
833478,7.2,8.687000000000001,8.7006,8.704,8.704,8.73071025930149,8.69598396018835,8.750395797761339,10.939428928759853,8.7006,8.530963193300138
834478,7.2,8.704,8.704,8.704,8.704,8.725368207441193,8.699991980094175,8.741116638209071,10.869788513832622,8.704,8.549019891691298
835478,7.2,8.704,8.7006,8.704,8.704,8.721094565952955,8.701995990047088,8.733693310567258,10.802321103851561,8.704,8.549019891691298
836478,7.2,8.704,8.7006,8.704,8.704,8.717675652762363,8.702997995023544,8.727754648453807,10.73695857779003,8.704,8.549019891691298
837478,7.2,8.704,8.7006,8.704,8.704,8.71494052220989,8.703498997511772,8.723003718763046,10.673634978733602,8.704,8.549019891691298
838478,7.2,8.704,8.704,8.704,8.704,8.712752417767913,8.703749498755887,8.719202975010436,10.612286442552001,8.704,8.549019891691298
839478,7.2,8.704,8.704,8.704,8.704,8.71100193421433,8.703874749377944,8.716162380008349,10.552851129151515,8.704,8.549019891691298
840478,7.2,8.704,8.704,8.704,8.704,8.709601547371465,8.703937374688973,8.71372990400668,10.49526915619475,8.704,8.549019891691298
841478,7.2,8.704,8.704,8.704,8.704,8.708481237897171,8.703968687344487,8.711783923205346,10.439482535181156,8.704,8.549019891691298
842478,7.2,8.704,8.704,8.704,8.704,8.707584990317738,8.703984343672243,8.710227138564278,10.385435109787728,8.704,8.549019891691298
843478,7.2,8.704,8.704,8.704,8.704,8.70686799225419,8.703992171836122,8.708981710851422,10.333072496374953,8.704,8.549019891691298
844478,7.2,8.704,8.704,8.704,8.704,8.706294393803354,8.70399608591806,8.707985368681138,10.282342026568228,8.704,8.549019891691298
845478,7.2,8.721,8.707400000000002,8.704,8.704,8.709235515042684,8.71249804295903,8.70718829494491,10.233722069288255,8.704,8.567076590082458
846478,7.2,8.704,8.707400000000002,8.704,8.704,8.708188412034147,8.708249021479515,8.706550635955928,10.186087983090275,8.704,8.549019891691298
847478,7.2,8.704,8.707400000000002,8.704,8.704,8.707350729627318,8.706124510739759,8.706040508764744,10.139938295850886,8.704,8.549019891691298
848478,7.2,8.704,8.707400000000002,8.704,8.704,8.706680583701855,8.70506225536988,8.705632407011795,10.095226648655613,8.704,8.549019891691298
849478,7.2,8.721,8.7108,8.704,8.704,8.709544466961486,8.713031127684939,8.705305925609437,10.05243746717067,8.704,8.567076590082458
850478,7.2,8.704,8.707400000000002,8.704,8.704,8.70843557356919,8.70851556384247,8.705044740487551,10.010452123350577,8.704,8.549019891691298
851478,7.2,8.704,8.707400000000002,8.704,8.704,8.707548458855353,8.706257781921234,8.704835792390043,9.969774813312537,8.704,8.549019891691298
852478,7.2,8.704,8.707400000000002,8.704,8.704,8.706838767084282,8.705128890960617,8.704668633912036,9.930364716560465,8.704,8.549019891691298
853478,7.2,8.704,8.707400000000002,8.704,8.704,8.706271013667426,8.704564445480308,8.704534907129629,9.892182292776292,8.704,8.549019891691298
854478,7.2,8.704,8.704,8.704,8.704,8.70581681093394,8.704282222740154,8.704427925703705,9.855189241105428,8.704,8.549019891691298
855478,7.2,8.704,8.704,8.704,8.704,8.705453448747154,8.704141111370078,8.704342340562963,9.819348460788099,8.704,8.549019891691298
856478,7.2,8.704,8.704,8.704,8.704,8.705162758997723,8.704070555685039,8.704273872450372,9.784624013087509,8.704,8.549019891691298
857478,7.2,8.721,8.707400000000002,8.704,8.704,8.708330207198179,8.71253527784252,8.704219097960298,9.751510343284782,8.704,8.567076590082458
858478,7.2,8.704,8.707400000000002,8.704,8.704,8.707464165758545,8.70826763892126,8.70417527836824,9.718898732647755,8.704,8.549019891691298
859478,7.2,8.704,8.707400000000002,8.704,8.704,8.706771332606836,8.70613381946063,8.704140222694592,9.687302761475767,8.704,8.549019891691298
860478,7.2,8.704,8.707400000000002,8.704,8.704,8.706217066085468,8.705066909730316,8.704112178155675,9.656690766747296,8.704,8.549019891691298
861478,7.2,8.687000000000001,8.704,8.704,8.704,8.702373652868376,8.696033454865159,8.704089742524541,9.626502840011227,8.704,8.530963193300138
1022592,4.5,4.522,7.864200000000001,8.704,8.704,7.866298922294701,6.6090167274325795,8.704071794019633,9.467593509153614,8.704,4.10707208746591
1023592,4.5,4.522,7.027800000000001,8.687000000000001,8.704,7.197439137835761,5.56550836371629,8.700657435215707,9.313632574495445,8.698333333333334,4.10707208746591
1024592,4.5,4.522,6.1914,4.522,8.687000000000001,6.662351310268609,5.043754181858145,7.864925948172566,9.164465821414932,4.522,4.10707208746591
1025592,4.5,4.522,5.355,4.522,4.522,6.234281048214887,4.782877090929073,7.196340758538053,9.019943852436354,4.522,4.10707208746591
1026592,4.5,4.539000000000001,4.5254,4.522,4.522,5.89522483857191,4.660938545464537,6.661472606830443,8.880451149247865,4.522,4.12512878585707
1027592,4.5,4.522,4.5254,4.522,4.522,5.6205798708575285,4.591469272732269,6.233578085464354,8.744772597689302,4.522,4.10707208746591
1028592,4.5,4.539000000000001,4.5288,4.522,4.522,5.404263896686023,4.565234636366135,5.891262468371484,8.613847769445616,4.522,4.12512878585707
1029592,4.5,4.522,4.5288,4.522,4.522,5.227811117348818,4.543617318183068,5.617409974697187,8.486470165673254,4.522,4.10707208746591
1030592,4.5,3.587,4.341800000000001,4.522,4.522,4.899648893879055,4.065308659091534,5.39832797975775,8.333952459372252,4.5305,3.1139536759521036
1031592,4.5,4.522,4.3384,4.522,4.522,4.824119115103245,4.293654329545767,5.2230623838062,8.215289188395438,4.522,4.10707208746591
1032592,4.5,4.522,4.3384,4.522,4.522,4.763695292082596,4.4078271647728835,5.0828499070449595,8.100320391144525,4.522,4.10707208746591
1033592,4.5,3.587,4.148000000000001,4.522,4.522,4.528356233666077,3.997413582386442,4.9706799256359675,7.959825412124757,4.522,3.1139536759521036
1034592,4.5,4.522,4.148000000000001,4.522,4.522,4.527084986932862,4.259706791193221,4.880943940508774,7.8528099458922975,4.522,4.10707208746591
1035592,4.5,4.522,4.335,4.522,4.522,4.52606798954629,4.3908533955966105,4.80915515240702,7.749126173257554,4.522,4.10707208746591
1036592,4.5,4.522,4.335,4.522,4.522,4.525254391637032,4.456426697798305,4.7517241219256166,7.648670330469206,4.522,4.10707208746591
1037592,4.5,4.522,4.335,4.522,4.522,4.524603513309626,4.489213348899153,4.705779297540493,7.551341888944867,4.522,4.10707208746591
1038592,4.5,3.5700000000000003,4.3316,4.522,4.522,4.3336828106477014,4.029606674449576,4.6690234380323945,7.427409258517533,4.522,3.095896977560944
1039592,4.5,3.5700000000000003,4.1412,4.522,4.522,4.180946248518161,3.7998033372247884,4.639618750425916,7.307334831963052,4.522,3.095896977560944
1040592,4.5,3.5700000000000003,3.9508,3.5700000000000003,4.522,4.05875699881453,3.6849016686123943,4.425695000340733,7.19099846293589,3.5700000000000003,3.095896977560944
1041592,4.5,4.522,3.9508,3.5700000000000003,4.522,4.151405599051624,4.103450834306197,4.254556000272586,7.107917677464792,3.5700000000000003,4.10707208746591
1042592,4.5,3.587,3.7638000000000007,3.5700000000000003,3.587,4.0385244792413,3.845225417153099,4.11764480021807,6.998318576917154,3.5700000000000003,3.1139536759521036
1043592,4.5,4.539000000000001,3.9576000000000002,3.587,3.587,4.13861958339304,4.19211270857655,4.0115158401744555,6.921765116128303,3.5756666666666668,4.12512878585707
1044592,4.5,4.522,4.148000000000001,4.522,3.587,4.215295666714432,4.357056354288275,4.113612672139564,6.847065604899802,4.527666666666668,4.10707208746591
1045592,4.5,3.5700000000000003,4.148000000000001,4.522,3.587,4.0862365333715465,3.9635281771441377,4.195290137711652,6.745057845637943,4.527666666666668,3.095896977560944
1046592,4.5,3.5700000000000003,3.9576000000000002,3.587,3.587,3.9829892266972373,3.766764088572069,4.073632110169322,6.646225564311347,3.5756666666666668,3.095896977560944
1047592,4.5,4.522,4.1446000000000005,4.522,4.522,4.09079138135779,4.144382044286035,4.163305688135457,6.580103413729351,4.527666666666668,4.10707208746591
1048592,4.5,3.587,3.9542,3.587,3.587,3.990033105086232,3.865691022143017,4.048044550508366,6.486935306238984,3.5756666666666668,3.1139536759521036
1049592,4.5,4.522,3.9542,3.587,4.522,4.096426484068986,4.193845511071508,3.955835640406693,6.425771702160046,3.5756666666666668,4.10707208746591
1050592,4.5,4.522,4.1446000000000005,4.522,4.522,4.181541187255189,4.357922755535754,4.069068512325354,6.3665120653692675,4.522,4.10707208746591
1051592,4.5,3.5700000000000003,4.1446000000000005,4.522,3.587,4.0592329498041515,3.9639613777678773,4.1596548098602835,6.279463791417478,4.522,3.095896977560944
1052592,4.5,4.522,4.1446000000000005,4.522,4.522,4.151786359843322,4.2429806888839385,4.232123847888227,6.22475851192407,4.522,4.10707208746591
1053592,4.5,3.587,4.1446000000000005,4.522,4.522,4.0388290878746576,3.9149903444419696,4.290099078310582,6.1426520545472965,4.522,3.1139536759521036
1054592,4.5,4.522,4.1446000000000005,4.522,4.522,4.135463270299726,4.218495172220985,4.336479262648465,6.092205498079985,4.522,4.10707208746591
1055592,4.5,4.522,4.1446000000000005,4.522,4.522,4.212770616239781,4.370247586110493,4.373583410118773,6.04332926469418,4.522,4.10707208746591
1056592,4.5,4.522,4.335,4.522,4.522,4.274616492991825,4.446123793055246,4.403266728095018,5.995974467514573,4.522,4.10707208746591
1057592,4.5,3.587,4.148000000000001,4.522,4.522,4.13709319439346,4.016561896527623,4.427013382476015,5.920989792681706,4.522,3.1139536759521036
1058592,4.5,4.522,4.335,4.522,4.522,4.214074555514768,4.269280948263812,4.446010705980812,5.877443173555846,4.522,4.10707208746591
1059592,4.5,3.587,4.148000000000001,4.522,4.522,4.088659644411814,3.928140474131906,4.461208564784649,5.806148181401284,4.522,3.1139536759521036
1060592,4.5,4.522,4.148000000000001,4.522,4.522,4.175327715529452,4.225070237065953,4.47336685182772,5.766176328861464,4.522,4.10707208746591
1061592,4.5,3.587,3.961,3.587,4.522,4.057662172423562,3.9060351185329765,4.296093481462176,5.6983448692902385,3.587,3.1139536759521036
1062592,4.5,3.5700000000000003,3.9576000000000002,3.587,3.587,3.96012973793885,3.7380175592664884,4.154274785169741,5.632095695678522,3.5813333333333333,3.095896977560944
1063592,4.5,3.5700000000000003,3.7672000000000003,3.587,3.587,3.88210379035108,3.6540087796332443,4.040819828135793,5.5679087108661545,3.5785,3.095896977560944
1064592,4.5,4.522,3.9542,3.587,3.587,4.010083032280864,4.088004389816622,3.9500558625086346,5.535352664888308,3.5756666666666668,4.10707208746591
1065592,4.5,3.587,3.7672000000000003,3.587,3.587,3.9254664258246916,3.8375021949083115,3.8774446900069077,5.474706244197726,3.5785,3.1139536759521036
1066592,4.5,3.5700000000000003,3.7638000000000007,3.5700000000000003,3.587,3.8543731406597534,3.703751097454156,3.8159557520055265,5.415418441146829,3.5700000000000003,3.095896977560944
1067592,4.5,3.587,3.7672000000000003,3.587,3.587,3.800898512527803,3.645375548727078,3.7701646016044212,5.358505280051217,3.5785,3.1139536759521036
1068592,4.5,4.522,3.9576000000000002,3.587,3.587,3.945118810022243,4.083687774363539,3.7335316812835373,5.332467402551433,3.5813333333333333,4.10707208746591
1069592,4.5,3.5700000000000003,3.7672000000000003,3.587,3.587,3.8700950480177947,3.8268438871817696,3.70422534502683,5.27760715317072,3.5785,3.095896977560944
1070592,4.5,4.522,3.9542,3.587,3.587,4.000476038414236,4.174421943590885,3.6807802760214643,5.254087411417056,3.5756666666666668,4.10707208746591
1071592,4.5,4.522,4.1446000000000005,4.522,3.587,4.104780830731389,4.348210971795442,3.8490242208171717,5.2312997770040415,4.522,4.10707208746591
